<configuration>
    <appender name="STDOUT" class="ch.qos.logback.core.ConsoleAppender">
        <!-- encoders are assigned the type
             ch.qos.logback.classic.encoder.PatternLayoutEncoder by default -->
        <encoder>
            <!--
            <pattern>%d{HH:mm:ss.SSS} [%thread] %highlight(%-5level) %cyan(%logger{150}.%M:%L) - %msg%n</pattern>
            <pattern>%d{HH:mm:ss.SSS} [%thread] %highlight(%-5level) - %msg%n</pattern>
            -->
            <pattern>%d{HH:mm:ss.SSS} [%thread] %-5level - %msg%n</pattern>
        </encoder>
    </appender>

    <appender name="FILE" class="ch.qos.logback.core.rolling.RollingFileAppender">
        <rollingPolicy class="ch.qos.logback.core.rolling.TimeBasedRollingPolicy">
            <FileNamePattern>logs/tenure-batch-%d{yyyy-MM-dd}.log</FileNamePattern>
            <MaxHistory>15</MaxHistory>
        </rollingPolicy>
        <layout class="ch.qos.logback.classic.PatternLayout">
        	<!--
            <Pattern>%d{HH:mm:ss.SSS} [%thread] %-5level %logger{150}.%M:%L - %msg%n</Pattern>
            -->
            <Pattern>%d{HH:mm:ss.SSS} [%thread] %-5level - %msg%n</Pattern>
        </layout>
    </appender>

    <appender name="FILE_EXTREF" class="ch.qos.logback.core.FileAppender">
        <file>logs/tenure-batch-extref.log</file>
        <encoder>
            <pattern>%d{yyyy-MM-dd HH:mm:ss.SSS} [%thread] %-5level - %msg%n</pattern>
        </encoder>
    </appender>

    <logger name="au.com.iag.customer.tenure" level="INFO"/>

	<logger name="au.com.iag.customer.tenure.dto.MdmPartyTenureInfoDto" level="WARN">
	    <appender-ref ref="FILE_EXTREF" />
	 </logger>

    <root level="INFO">
        <appender-ref ref="STDOUT"/>
        <appender-ref ref="FILE"/>
    </root>
</configuration>
